address,veth2_bal
0x375f95fb45811ace248adc5baee5228d91ffca50,1927975077881619937695
0x12818d6c296cc113840b32ea5cd56a46d0c5bf14,1383817769292753141791
0x25431341a5800759268a6ac1d3cd91c029d7d9ca,1244281469355513649089
0x220abd48f2b444e1a352b6927c885c4579738081,838038181422924038664
0xaf297dec752c909092a117a932a8ca4aaaff9795,657719570223766735537
0xc9f9f6cfd655417acb8d1bb00fe77ad9a6d9ca81,638006230529595015577
0x4c135c941b642904783abd9ed06d86ce00b45105,599497311117370848529
0x38d0dbecda3b81faa65cdce0cae4c4db30dec786,465494693756235916773
0xe6edc829cdd57a94ddd759a178840bf5ead1d60d,458232021760397712294
0x855c4dca95adb9ce63f09b9899882c50ad9cfc8f,331962616822429906543
0xa796cf39340575f7fecc27f75f328f290960ccd8,312356872359954117657
0x4ddce06e259a2e583a3b2425e0a135f45b323e75,280428003976645702853
0xd6760bdef7e06640988559159bb579b92fe2ec4c,260000000004379473794
0x837418516c2ddac24ca71df021101c2ad699f5dd,247025913566414865924
0xbd1eb910a8e77d75d7e334f7adb7660750d7bb45,215804275831272259100
0xc292eafd5422a9c961cc2630cbddf04c93db33bd,168263027684201230851
0x021daee385bd0acb6d72c05b03abc1bc81f64970,168248622470719115816
0x282742940ee0b7ed028bb48052bb4922282234da,167670437606639438691
0x81b47c0803e94768bdb05b9b00b18d609579dccb,164019705771871763185
0xcc6b5cbb0b32775c11769ceb5b961a51eb026620,150001246105919003116
0x37f722118b11a3c9baedfef1dca3423d56a19e58,147505018894692078846
0x549c0421c69be943a2a60e76b19b4a801682cbd3,139435597784578866552
0x1d5e65a087ebc3d03a294412e46ce5d6882969f4,135196362811424463464
0x0085d428ac99c42b30cb38373b1c233846891c9a,133019474279056074767
0xa6fbeaac65de6d6fc900d95932d9320aad9128f0,114898837721172571595
0x013c7a3c90f3e4642493c235892ef3a8e5738b77,109657320872274143303
0xc255e0a1be0a4b7b8bf5ebe8d0aba162cf75bae2,108699060756443918970
0x66ca70f1a348bdc66bb201e09eae4009d1d1e7e8,94080985676866301335
0x4e65175f05b4140a0747c29cce997cd4bb7190d4,90706672527580611855
0xf5bce02e24313618ed2e8318dee2b86bf53cd53c,90000793974040693811
0x45c1fab28ad1393bdf34bf27f50d0cf70f09b271,89364358683159133980
0x2321f612a30970269a9b2813c622c98d31903963,86370394694851444247
0x4b581deda2f2c0650c3dfc506c86a8c140d9f699,77987293439467229274
0x24d734a75166e66000c8d7f12a173e41358e3cc1,64797507788161993770
0x535b24392402226627440501acfd62bb57cc2512,61997926579439252339
0x3b15cec2d922ab0ef74688bcc1056461049f89cb,59680715733404310882
0xed18d1e55c4bba34abdf950119964ae3a9a10e04,56626790545546618290
0x7ed716a3c0a634fa033cad0e53bc5fdbc838e23b,54828660436137071652
0x4b0632d547c56a874fe48d8af659a8d6c2045710,53831775700934579440
0x60be6061804402be92fbef1fc3027481b58a4dd9,52998353943127505081
0xe9b05bc1fa8684ee3e01460aac2e64c678b9da5d,51166799925619418199
0x7d89900543fb8723c21faecefeb6e7fc96f8a2ad,50000064175326815458
0x0f7d716eeeac23f33fbc7dfeec43ee94435158e7,49844236760124610592
0x4165fa8368c95b50a7ece227dca2f7490689f0b7,49844236760124610592
0xff45f53a08c131b5966d50ffe1eedaf8cad1ae47,49844236760124610592
0x336886353b4a5020904a1502fd392555c0e1d042,49563954661900938838
0x2a27701cc0b411805617ad9c130ae9d488073136,49392980218616977929
0xfe51263bd0d075dc5441e89ecd1f6d63ff41e02e,48738657385210269170
0xa1feaf41d843d53d0f6bed86a8cf592ce21c409e,46513152622492945706
0x84b7644095d9a8bfdd2e5bfd8e41740bc1f4f412,45566322777631019645
0xd5400fbd57be428ae186cde13f5ce70b3199c7fb,43634165198525503072
0xc39f920ced82a75918455d98f28ef0701fea8425,41585538930977882973
0x5fb6e7e6cd299449a02fe47cccd5cb70ff9dc632,41084450978804474003
0x5d33d8322ec6e9a789200cc144245a13015e5172,39875389408099688474
0xac2ab9b32339b9ce6589b93e140bb73c4c255128,39875389408099688474
0x2cab3506ad7cee6fe29f3a4695f69488baad98ec,39837764463233677877
0x878a53cdffcf91c8c4f35d6595c2ecc6040eebb9,39376947040498442369
0xfc07c2b21839396d3f18384a360576796ae95b3b,38878504672897196262
0x006fc62334b3fbba68d9f599bb680995010f140f,38859780687872026252
0x492f38a5566a696d5af8ac592902291816d44409,38158810547135248891
0x736dde3e0f5c588ddc53ad7f0f65667c0cca2801,36837697047736053028
0x383a5e260411d7e91e4dde7de0622d52c7c7f9c3,35382444161697282208
0x995e2cfde1de48309d6b1b860cbba8cb01c0f2d6,35340909057512591016
0x57cffbcfbd17ee93fdb44c8f77e07e3a9f707127,34760432263000000000
0x3302bf726082fc8f3adb9c2f85279c73812f9b00,33890965732087227415
0x755611a5f073138dd9b60131122051526629982c,33843822077850423010
0xf2cca9499fa00dcbf70c80ae7c0a129904385963,33148324093262538538
0x1813da50890f5ba64fe9b7c56ce69c1388c59112,32760855896518764259
0x29687e2a2b38bbc1f4f9069f1f24f13a3c83d27d,32686763951627985005
0x996ebc864b11444c26f2fbb779cb1d26086ff20b,32402124706988589324
0xf87766e79a11c77b3472dbe3aa45795f579564d4,30674000000000000000
0x2d3624cbba3c416e77e6a4fc1d795bc61cb484cb,30581425578641448067
0x6c4d27d3ae62b6c1eaa9b732377f7ddf3cf2b1e6,29455202863197333629
0x829148aba1177c4b6a6a3dbca3e165fd34094e1b,29062058678171761065
0x35ffc49e7fefc188dff81db3c717db098294bc23,28744743055587821473
0x4e7e322cedd9c7c4a80fceb01f6a1e8b872a99c4,26016782506504298986
0xe9aee0ae983498caeb04dfdce57d79079bac8cc5,24907869037665493079
0x3113558ea6918c3ae1d9247d1d7a3f9eff5888d8,24896476175745946537
0x6e93dd71b24e02233455a37438c553ede66eba89,24725695756669959891
0x99655b07f321b6b5a2809f43e1a143d7f7a1634f,24601347646824726644
0x19b221f64b8ec412451f73b45e919444e4a62d26,24559573392987562438
0xdbeade0fcd8720be521fd2e04eaf00974f4c2e3a,23946527494086215900
0x1b51cce51e2531c478daa9b68eb80d47247dcbec,23925233644859813085
0x18b3eedadc9a4a6d35905d4a416dfff239f067d5,23570796172537113169
0xdf84b6941601d20e8b0a8fd787541709144e4c8e,22662951421346381603
0x80795df53cd359d98acba7348db35cf301162f7d,22338730991444261251
0xf486d56cce70c481b3455af901fcc4f03fee8107,21508509635042392401
0xb41e08356ceb25cb83bfbba56b6fabd6950f2cd7,21459583260603404309
0x6b98bc3c7ad2819088d63adddc306a5050858662,20436137071651090344
0x670647441d9c24d981923c9293a2e4eae6d0c8b3,20002456349450335070
0x7e7afaafd27f723e7178cb439982ad286508febc,20000000000000000063
0x6e3167c7b68f92a9c33278d5ad059e150f06b50c,19937694704049844238
0x61c64b569ea071e575308fccdf0b93d505a21e18,19937694704049844237
0xf03bd3cfe85f00bf5819ac20f0870ce8a8d1f0d8,19298296828743538506
0x1d83e2baa5dcb893f29ec25beef24d3632238bcb,18940809968847352026
0x39c62c52c1ab6b02e4ab2f34bcbdf3e385f97907,18808237592084855577
0xa1ca0c5ec69b5c3740557cade7342a91c0671521,18193299703785643735
0x13b37d355cdf1eacefa26a56d6c754ddd0c9e699,17928348909657320873
0x4e5a83140d2a69ee421f9b00b92df9ee27d7dffa,17116860253123612936
0xd3afab123a5e6f6be87291935b5fe5056bb64b6b,16889441887675652611
0xbaa1c98e93a692b70a0aa1cb74f35aee1ed3dbc2,16143898752248614062
0x2eaeacefebb26e9e18c4d5110009cb027aa7ee74,15249106832619182178
0x6c471deb9af02466f2b6b23ad70890c94f199f80,15113045956444289184
0x723c121dea46af913be0d357b0659869c3338d1b,14953271028037383178
0x100f1a940f5ab82c5472701abeef19763c296a6d,14673321087824351000
0x052927cc2b7dc74c20d7cc83bd001d968b206cdf,14650000000000000000
0x4a7dc0a1f68ecffd1588df798d95c95c8aa7efd9,14451612703546143261
0xd056666321700092b032b2571431b2478cd6512e,14265420560747663552
0xa75204de25e91f82c5b0b849b247515153ac61e9,14006230529595015577
0x64b44d5d2fffc1f6a025488f689bc7fec38084b3,13956386292834890966
0x8760b032c5b69c4669e3603835d777634de47b7f,13951065557316396424
0x82e8936b187d83fd6eb2b7dab5b19556e9deff1c,13740957963589482101
0x6c264184bac13ebda4e716cdbf096285402b8433,13621938548265051010
0x4e3d3968f3b95bde51c2caa3579cdbfe3c24b192,13291009542201923695
0x00f928a6adc7c345ef919fe5a8be2458580ef9f6,12957770157833985243
0x5709c73391e223aea2f0d43837f7132d0c8f388c,11981272650023177571
0xcc3d88d750ac042c4696dacffad8ea2cd34b114f,11931916822429906543
0x111086f05d91f6657d435b9483c5d7553c3d79ca,11413803155530621231
0xd7c6a86b7d67c363176b412ced35b7ed84b31092,11065420560747663552
0x9fed225115a1374c7f0faef307d471c80fff1893,10977960050508258742
0x809e7b210f8c599ceafc3cff49f4863b2da07c59,10948353878993527356
0xc758f4d525fea924becdaff30d9daa1781ed45e3,10887430289218923137
0xe58d49e75f24bf92c283c6b8f1c995b69206f380,10766355140186915888
0x34fabbc7169c310ccf6c721e862eaabbfc779467,10467289719626168226
0x805197344c4f5d990cfbc23e032631aef0a6987a,10303455916984468849
0x2f111217a1c2cff0feed39addf471ceac3064ecb,10050990654205607477
0x89cff61026f6743b8d25ae9b253582083136b1c4,10000000000000000000
0x9a885ca8758f2fca5ec79d49747052cb31381b7e,9968847352024922120
0x115a60698ebdf87a31a01c7d45b8a7c5fb381ec5,9968847352024922119
0x3bba937a4db82bfabe6aef7015a75e9f870533b7,9968847352024922119
0x42b37319dc321f9d9cd6a9316a73869e68d36a24,9968847352024922119
0x666f03cb07876a52f38277992b2fe7ed3bcbc397,9968847352024922119
0x8ce4627367cb4d0bdbce1a0951864f08c9351a84,9968847352024922119
0x73849dd5790f29bdac8502760602e4360bb6bc1e,9944382846386683960
0x5e284d05958db25faf6b22c4c69ef8ad2965ab21,9470404984423676013
0xe232434d6c50613bc3da96be75fd36c2351365f9,9370716510903426792
0xf721370944d3321d0d3a949ef2d8446e64c352d7,9242969465744471630
0xe98f4f21127386169061026771fba11fd1b18ea8,9067393653385001531
0x1daaecfddc0ea8fb5225de39ae9be5142b939b04,8770196631389675614
0x194425e585bb98f3394ec041ada5cc7be5da59b9,8523364485981308412
0xc627534f95656fa358010d59f3fddb7123bbce91,8027418262775647898
0x8cb33d13e9270910ce9475c48aec8acd6c18767b,7975077881619937695
0x90abcf1598ed3077861bcfb3b11efcd1d7277223,7975077881619937695
0xaf77ecd5349e8a736b1aa651366845607824d1bc,7975077881619937695
0x1a9836f6dcc253332ee707bd9808ab3d79d973d5,7851303563067651552
0xd2bc4e7ecfa4ec39069623854cd114dcd8771b84,7583787790749246230
0x1f5e4628f133fea52a1d70442ef633731d31ebf2,7389884780439121000
0xa1875f808db4a8ed0245984a6d15471bc72558c5,7168743062668569294
0x555b84da791b4a807d83b3535c47283e086f7f38,7081009904983987686
0x248cbf759ceee07370b8e1e842a90d48e3cbe473,7001227928227336085
0xd095dae00f18abd8564e6146fed7bc1b1aa83982,6978193146417445483
0xfe1028e5d69065d1a88842903cb278e43687e17a,6978193146417445483
0xb367e8de6193ca3ab9de68c599b4eb69e8d2b249,6898442367601246108
0x13e83b7b40ae3d2746683bccd41b520f0a44406f,6826847352024922119
0x84120647a1cb516d0b679af75f60456c3f909cf9,6479750778816199377
0xb84848ce4a46a44f06864b5decc2fe07b842cf30,6245846446263332979
0x942d89ff467fad1eadc489e9b8a893ddb18c35f4,6066572460379898979
0x4802de6e932f46be3d2b0d5e3ca6448cafc4e538,5981308411214953272
0x955d81e9a0ef56f332312b0cc476fc6235478b0f,5981308411214953272
0xd143d3d16a9f0c13fd6a25bd3e6a1644b14f41bf,5906721736230485107
0x610c92c70eb55dfeafe8970513d13771da79f2e0,5788685196345402226
0xea94c9a3bcc2bf5a3c08e3de1ccc64c6b6049710,5471900311526479752
0x58480f6f52fed34f53149d1f323718c678b5ad1e,5233644859813084113
0x3a5a0f53211f1f12ba8cf63a3dcff64aa93557ad,5216573072873234475
0xcc915b7884209e7c6fab158f57f854517f4a7bd8,5004361370716510904
0xe0c0f2990ae8507ea9fad84aaa6de44a27093cce,4984423676012461060
0x4c47645070fe67173e0438315ae392430f65911a,4755140186915887851
0x6a93946254899a34fdcb7fbf92dfd2e4ec1399e7,4533424205207619485
0x31c09f0616532f7a6f33d9ee4e1f45ea529481af,4472030415711923891
0xf2b506a799159ac4add1ad7182d1635b6cf5dc24,4047287064881182184
0x0a610a7de5b6ecb6c8032593e90f7e46f9aafdaf,3987538940809968848
0x0fbc9fad1e28598d97d4dec8dcf54c8e46e835e4,3987538940809968848
0x21a3d6449c433bd1c15060b6b9f391e8ea039185,3987538940809968848
0x3756681f03dd2c8b5cce162d22986ed86c385b10,3987538940809968848
0x63cbc7652f7390c76ab01b087c0f522e5113fd7a,3987538940809968848
0x69224dba1d77bfe6ea99409ab595d04631d95c22,3987538940809968848
0xa23f5ded2bcc597b1aa858a1299aa7f83ea9455c,3966604361370716511
0xe87821bab2638e5a1f2d64a9c191463d3034c2a1,3913851607805527647
0x1a70c9b568351745a1ba3d66ed776dc82d3d95c3,3844526936937712848
0x81ec71575ac70056a6b5f1f3553ee82ad6960f9c,3788161993769470405
0xcba1a275e2d858ecffaf7a87f606f74b719a8a93,3716663994063979594
0xad29b73216ec1a063a1f3e9454c6bacbb74d35ee,3708411214953271029
0x45b1827e9aa31f9de17bdad0fe0eecefff086207,3588785046728971963
0xd455712e43582134f101a0c686d26548b5438a3b,3509229710578841600
0xb817236ef3f092c26395a7f5b5f9041172d17353,3475867808156319673
0x6035379e61a57951101aa01723ee60da8477cc07,3186761495004023613
0x72c2c890625f7e2ec82a49a5b0d6438c36fc1bb5,3144680088361822744
0x9a3127e41dc919b81c4814b0aa0df9c4d3b41fda,3123985116692158866
0x0034daf2e65f6ef82bc6f893dbbfd7c232a0e59c,3051621507894755994
0xa736df0b2ed6dba2750e45aa24246c46cd9cd707,3004427648358140012
0x6be82c8d3aef5e1f5387c9e71d5ab652a0bd0220,3000000000000000000
0x165900d55ad3dd5b2659d59958e1a0e86a639527,2990654205607476636
0x91e6da47876b1fd4267d427ed4242531ac9cbfd8,2990654205607476636
0xcc1840765abd6b6665e7a8632769924c12d1f1f1,2990654205607476636
0xe47624e1401e5777f4efa0fcc87a0aca45dab0a2,2990654205607476636
0xee9af6b897cf48d2b295588a3b4f1511d181947a,2990654205607476636
0x6e106def5c871b05b51cb5baf71b4dbfab8c91e1,2591900311526479751
0xf37936a906cc14625d95c1b68f05c505fc81214d,2493781900507956053
0xa8335d8a94c757b53619437c77f6999da29dc402,2492211838006230530
0xb19f6698d63d51cfa0d6eb4490ca83fcd640f462,2348629742418226575
0xb0a2852750b15038cf9b5be255a483e3063162d7,2303198438009439094
0xbee1a8d95c3308af7a16c9490f720a7a0292896a,2241237827181119254
0xa5aa7454ab373a8d1287a232f3cee46149fbde0e,2226872325210662694
0x77203c37b10d543278f72673e405404ee4c8ddc9,2220193868898547890
0x985147809e9c0a677e9c9bed656c984be037d373,2172414690757210250
0xe99794e0a0fcc1e8d85a1e47da202d054b6b4f6a,2121292158550980837
0xcd5385256e15f40cda1579f1239ba14236ff2e39,2041972406184074767
0x3c4491d4f4b65dde70fcb64d8df528b2afb61dee,2016108791064504370
0x55e3fe5f736c6ca3b6cba5a58d65ec4175560f76,2001744548286604362
0x59a0f42d77544fa3bc240ae3d2561c2038d52636,1993769470404984424
0xb0b287952f748813f9b3b43f84a1e99aa60d0eab,1993769470404984424
0xbb71ac224cc4cce32aa83bf6b81f79f46a213591,1993769470404984424
0xe63716032ccfadaf97c4e046486bff992ed223ff,1993769470404984424
0xfb2c9ef51b78c2bba2492f00a90144fd815a47b9,1993769470404984424
0x861d49e493b1b85e6804fa91c548a29a0b5a6683,1968328971962616823
0x24f30151d71cdb0c27a078c6a15365918aa8688e,1957433021806853583
0x7f57aff89e2014f9232670fec3b5444ff16dd735,1931709454937785358
0xc4317dcac98c2166821196ad996b22961c2ea005,1887254188667033701
0x6ab880afd1e0c7786cc5d05f4fd9b17761768da8,1772877680591942126
0xb0cd09cb5f6b9eb08ca9e5d28011496f3d82bca9,1667736724230227136
0x3e2d76633e9eed1e468d56d361a158c843da8820,1651409490300869500
0x3a2d016124df975850b84a6a970ecd5725bf793d,1636322565828955871
0xf4d430dd8eaa0412c802ffb450250cc8b6117895,1560321627911165920
0x0f109e11b76e83f8a984c9d80d379fc806fa2b65,1466683830907250310
0xbfd6f4904185e7e52c6154987b6c53099492a350,1449172852378900939
0x28dd5c8d35a51da814723df13d72cbd971da227f,1393287057274215980
0x4be670ee941d277bdb16281ce5b0136e9a8743c5,1381949339741446599
0xe51f7b117121a8ce5785af941561fe04a6a6aa6b,1372143228894700887
0xfd9e173edb21bef255d774c7b51314f92e9f31f9,1295950155763239876
0x497831f4f242b1caf7ffdc494f731217ac658a17,1279145129278604875
0x3175d33ce60c02a458b4535bb39656c036d32ce7,1225558227963228566
0x31e89be0c67c100bfdb7faacdd53c5481887050c,1196261682242990655
0x9833eee8055c425375dadeb12109c4b3ba667d79,1165100937259353181
0x59de49c597640d3508146c50333a8857c3c84597,1148030655840561578
0xca627448cc3ec58a12830ac04387f479af724272,1146417445482866044
0xa4aaaf352d2b9efc06def2bcb0817083c05ba40b,1104421059785426018
0xbdddc071a8f11e178f0b7ef462c6667d8d7fd3e4,1003038218755227303
0x3831d812f87814b2203615d1bf1a647d1c1816c5,1001869158878504673
0x504530e62d344f2f6772de922bfeb865cbbf4b58,1000000000000000000
0x00a0847926a77692495774f1c71ba8abef99dd52,996884735202492212
0x066a9e1d5570451a7dadc6d7dc4be7a7776476a4,996884735202492212
0x0910e1ffe1694e878ccc0f8a61cd05e6596c8624,996884735202492212
0x11d0cb5c690bc838efc52c621f6b48040dd000f7,996884735202492212
0x1eea84e74dd3a779ac7febd23c65b4a606832ff9,996884735202492212
0xb394e284b59e95599151bed5d39a8f3c00acc54e,996884735202492212
0xe7ece3af2f8100b2e6844d5be8a07ecce8d4864a,996884735202492212
0x9d576ac210f3d07a3302d1eaf171663ad8fc8ee2,973736244953271029
0xdf7213abd8b930adf74af50dfbfa5e162c3d3950,885157867308788042
0xcfdbe03c75b879983b069244c3e6fa40ef9e06cd,876245986292834891
0xfc6a3b7c89b7e9994632c21ab663baf789843b20,861937005856697820
0x2829419f7cde7054237ca8610ce29e39bcb0af30,835570460263028412
0xcbba9d9531a0ff828c75026e3bf15d6a2deaf43b,797507788161993770
0x55b035ef5b2643d4b8d78008df518e6227e107dd,737694704049844237
0xce070ee2aaa0c33d15dec69fad993c7af6b2e569,715918520389354534
0x2f143cee05f5bb2a15c2db55e31f6a9f9f81a5ea,680942913360316294
0xf19f4490a7fccfef2dab8199acdb2dc1b9027c18,637708117564797197
0x81049b0d50f93a11283eb50e664c60e93af59e9c,556729834056645899
0x01a6f583f32b97e51bd2ecfa7ad8200f4f779f5b,527420164633909729
0x11ededebf63bef0ea2d2d071bdf88f71543ec6fb,521194003082039203
0x452cbcc3ff392ae6e42f0aff8113f21f0a144846,502098647565323055
0xb891d35637b9893226ae6c9c957f9775f2c5ef86,498442367601246106
0xde206bc0fde2ef5c8bb6a1d552a64f82a2407be4,498442367601246106
0xf89694c646d448c19319d1394996a43a9bea5ccc,498442367601246106
0xd9907cd11d99d21b431fc0a4ef513f3823142b0d,457058083832335300
0x489478ea4117093d21701a0135bda3859c556072,449575375327830540
0x2f92dd1c3c25dd02eba81b9ac1d3c46400f2230f,440842867184674286
0xbfae3682c5f462bcde67ebcfc9e001d111773906,419587645019594745
0xc794746df95c4b7043e8d6b521cfecab1b14c6ce,407385707495070212
0x62f8fa6f79e296ad399332649d2b8e61b28bb76c,399999688473520250
0x78b3367b0f547cd16bac453f788956afce92447b,398753894080996885
0xe42ef1037a2f6315e5df04c1c578131cf50716d4,398753894080996885
0x7b3012531aaed7b48bc9bfbc1cd7e7f20b1bb5b8,328620775647234875
0x6298c723dfc6fc60fe3c914b344bdfbc7f720fdf,318858651880781163
0x25a1a77755b1240474e76473af456f1b23298010,308490346418421940
0x98d0b17bdfdc5e1eda1926b8e24fecd7e5ebde24,306486465115729429
0x3efcb1c1b64e2ddd3ff1cab28ad4e5ba9cc90c1c,258115492122134602
0x6a8551ca5dcabc017469967700e8f204e96a62fe,250513617070546563
0x885a0eb3f3eaf5d645c4e6f8c7a17691c164afc6,249221183800623053
0xe912126a225710666d880ede47aa8d2e77981213,246957896966419316
0xc6c36a6c6209c57c87cb916899f2d108e762ce5c,244742872972594399
0xf2dfcae8fef5b5cd5d89a527d193da567a5d6297,241944813322297817
0x3ddd81300529ce3641d6c57dc8d95d550763cb0c,226766975610517032
0x3aacf7ea426ba2b6224c2df515bb12d8d74445d4,226175556485182661
0x92703b74131daba21d78eabfef1156c7ffe81de0,225029467512398331
0x5bee938736df6cb720d54db2dfb1e17786caa318,216838716654727908
0xfcae25c6eebfc5d3b5ec84d99963f291ccc3fd75,209345794392523366
0xe46eafafb60af2eea3a59768106a9342aec59ec3,206407453837038351
0x2d55a5781e9972650fa4f7fc90a6250609e23333,200373831775700935
0x56196e5ed2b8f2ef6803653fc09886184b5b3eb7,200373831775700935
0x9dcbd4ef4886db706bc442f2d6f9afa5175feb63,199376947040498444
0x1a063e9118aef6591757296136149f9359476e7c,199376947040498443
0x2d3e3a5f61f153cf3b4691a64dff077b33a67be5,199376947040498443
0x83e55a333fe1585a4dafa468e83336d3d38c39e6,199376947040498443
0xc5d2632df76f390094a00a9a29244c3289ba9c91,199376947040498443
0xf283c40c77dfe3e4681d6410dd5d129201cef795,199376947040498443
0x2057ba7e087fd40c1f913fc936f9704b5a0223c6,197728099688473521
0x99eb33756a2eaa32f5964a747722c4b59e6af351,191297457471989490
0xfa708771230db548b78348d7abce4525e1b9ac9f,187121967492967833
0x60963e2a899797ff6c0259abcba37bcdfdfbaff2,179439252336448599
0x163f39bf4691a634935f89a53281490988031309,149532710280373832
0x8e0ae7694d9f88c7c087ef1e625419accef0ad5f,149532710280373832
0xe87315b31e335aae926dfa99b18f111e3ec5741d,133481416215336533
0x323def5872722c1ec7d5de90334d5129cedf8709,133056490002950653
0xddc9e804226729f774654ce6fcd01201fafa6dd7,132520847270695575
0x898bfe8888ba7a675e0f137c69a342a4c1a5ceb9,130000000000000000
0x5eb67a3b141f3036899ee77822a41277166c540e,129595015576323989
0xfe568475cfc25563b5a5e9769f56b61df85e7dec,129595015576323989
0x236fedc6b5c9d228d151f734155e4641d9d3257f,120964212061662122
0x1d733792b3e3afd3f3e5f9186a4407a8bb8b4a55,120623052959501559
0x00b3230e7215e3dfb85f576326630ad24e89848e,119626168224299066
0x3b9029bf75c4552acb1fead8b95010b0b2029cef,119626168224299066
0xf6b08ed894ce3bd1364838c60aa17d18dcf08aff,110753894080996885
0xbb94454697af498c3b1fdce3de65bbadf821cf0f,109688473520249222
0x08e5f4670b8e70fe77d952ba0fbbf9f4762aaf73,109657320872274144
0x4952f5dde00a0677365e42d33bcc5a8abd4e2b43,109657320872274144
0x78ed4181b5f9960b33ac9d467d3e74a209e5d4fe,109657320872274144
0xa18e302a969e1302d063cafbf977c8f492381775,108660436137071652
0xae8a89c737e7423def56f6e39bf4052b112d6078,104672897196261683
0x779d8b58dc018a986b85a5bf34de6ec44e1dcdf2,100685358255451756
0xcfc00c710e265ef3dc1e0337de54628b6cdec869,100087227414330219
